{
    "ambulances": [
        {
            "name": "Ambulance 1",
            "lat": 12.9716,
            "lng": 77.5946,
            "available": true
        },
        {
            "name": "Ambulance 2",
            "lat": 12.9756,
            "lng": 77.5896,
            "available": false
        },
        {
            "name": "Ambulance 3",
            "lat": 12.8716,
            "lng": 77.5897,
            "available": true
        },
        {
            "name": "Ambulance 4",
            "lat": 12.64756,
            "lng": 77.5898,
            "available": false
        }
    ]
}